{
  "configVersion": 1,
  "timestamp": 1624114172808,
  "index": "/index.html",
  "assetGroups": [
    {
      "name": "app",
      "installMode": "prefetch",
      "updateMode": "prefetch",
      "urls": [
        "/15.44cefc29ea3717899961.js",
        "/16.226441887cbd61e4c9fe.js",
        "/17.cf9673abe26b4e85c799.js",
        "/2.52854db188b45cd26a19.js",
        "/3.9deb7f9122ec3f0cf44c.js",
        "/4.c3d211eab09aa9198b64.js",
        "/common.837e59b1fae55632494a.js",
        "/favicon.ico",
        "/index.html",
        "/main.2e8f91e2654fe157fb79.js",
        "/polyfills-es5.4bca95a408dcc4fbecec.js",
        "/polyfills.b4439fc96c8e1fdad5f5.js",
        "/runtime.0f6fc59e7034ddb71af8.js",
        "/styles.1ddcdb17d700f663238d.css"
      ],
      "patterns": []
    },
    {
      "name": "assets",
      "installMode": "lazy",
      "updateMode": "prefetch",
      "urls": [
        "/assets/images/MifosX_logo.png",
        "/assets/images/MifosX_logoSmall.png",
        "/assets/images/center_placeholder.png",
        "/assets/images/cover_image.jpg",
        "/assets/images/fd_account_placeholder.png",
        "/assets/images/group_placeholder.png",
        "/assets/images/loans_account_placeholder.png",
        "/assets/images/mifos-logo-flat.png",
        "/assets/images/mifos_lg-logo.jpg",
        "/assets/images/recurring-deposits_account_placeholder.png",
        "/assets/images/savings_account_placeholder.png",
        "/assets/images/shares_account_placeholder.png",
        "/assets/images/user_placeholder.png",
        "/assets/mock/user.mock.json",
        "/assets/particles.json",
        "/assets/styles/_align.scss",
        "/assets/styles/_background.scss",
        "/assets/styles/_border.scss",
        "/assets/styles/_colours.scss",
        "/assets/styles/_display.scss",
        "/assets/styles/_float.scss",
        "/assets/styles/_form.scss",
        "/assets/styles/_helper.scss",
        "/assets/styles/_loader.scss",
        "/assets/styles/_margin.scss",
        "/assets/styles/_misc.scss",
        "/assets/styles/_overflow.scss",
        "/assets/styles/_padding.scss",
        "/assets/styles/_position.scss",
        "/assets/styles/_status.scss",
        "/assets/styles/_text.scss",
        "/assets/styles/_width-height.scss",
        "/assets/styles/_z-index.scss"
      ],
      "patterns": []
    }
  ],
  "dataGroups": [],
  "hashTable": {
    "/15.44cefc29ea3717899961.js": "0ae2bf39dac10685f3e74d1641c7f898c6de91ab",
    "/16.226441887cbd61e4c9fe.js": "7edabfec54e147989bdb9fb0e04b134d0e9fc703",
    "/17.cf9673abe26b4e85c799.js": "8e4ff1d3ef18a0e29d9f3a7014293f3b69e9f0c1",
    "/2.52854db188b45cd26a19.js": "25809a09bde86a53b8c7d6d3f024976158e09b14",
    "/3.9deb7f9122ec3f0cf44c.js": "175a2ac3ccfe529e85311e9fbf2f400b1e99c980",
    "/4.c3d211eab09aa9198b64.js": "6c69164d74ef3eebb08a9c3b1b5748d1558dff4f",
    "/assets/images/MifosX_logo.png": "fc66de5965e6054007a0e0c9e68f24f1ee250c21",
    "/assets/images/MifosX_logoSmall.png": "ebd340185b4888fdbe26b364303d2c072412b46e",
    "/assets/images/center_placeholder.png": "95a8b8a2c3bccacfabe57fac31207267582e11d8",
    "/assets/images/cover_image.jpg": "51773ede81be7a39c6c7a742b4f59ff0e916af48",
    "/assets/images/fd_account_placeholder.png": "d2b4153d5741d39c54a3bcf84a67b107f90a549b",
    "/assets/images/group_placeholder.png": "7d6a1438614f689418612fe9ad0b68dba8e9e459",
    "/assets/images/loans_account_placeholder.png": "820bf5136bccdf48786241106a9e990ec3a6a352",
    "/assets/images/mifos-logo-flat.png": "998100b024c81bac0fd272134f282e410c96ad8a",
    "/assets/images/mifos_lg-logo.jpg": "c316949191be5b355cfc3bc803516cca29ed1265",
    "/assets/images/recurring-deposits_account_placeholder.png": "45dcd53f6f01b872b45167518f8731bc132665f5",
    "/assets/images/savings_account_placeholder.png": "85aa453d8215c829eaab15312f07f8ebf6239a95",
    "/assets/images/shares_account_placeholder.png": "c470c3421bdeb24f4fb38ce43084eea0ab679fed",
    "/assets/images/user_placeholder.png": "688be4adfb344e0f9662a40f59788f39e7b907af",
    "/assets/mock/user.mock.json": "aa4285d6c1c62088aa48cae021d8ac986d3738cf",
    "/assets/particles.json": "47631e728fd79f5422daa0c178738e9e3ec40a3e",
    "/assets/styles/_align.scss": "01a8f907156ac36324fe79fb58c42edb82e5963f",
    "/assets/styles/_background.scss": "b5aaed42de012d3e700a828e9a19bbc05ad1df3a",
    "/assets/styles/_border.scss": "7524f931e46d680c0f863cb9a62fbc39496ea5fd",
    "/assets/styles/_colours.scss": "26dd09b72a3e4a6b276f3cdfba8ca19a0f547fb3",
    "/assets/styles/_display.scss": "c6989fd13f48683b25f5f3864d2729ba50e98f38",
    "/assets/styles/_float.scss": "3d724ea461139915ccfb21d7fe755b0cf35b54f7",
    "/assets/styles/_form.scss": "55776ff613328c28827f0cd7b952cd61df6bb61c",
    "/assets/styles/_helper.scss": "3e98557aabe1cb07bf62b16d124a16c188dd4ebd",
    "/assets/styles/_loader.scss": "e5b36b96162920326c5d9daac0e6a5e1f188c0c6",
    "/assets/styles/_margin.scss": "91bf7998ff3b52de3b4543365b84737face1077b",
    "/assets/styles/_misc.scss": "530a43064e3b819523f9010346c44351eeed60b0",
    "/assets/styles/_overflow.scss": "48ab6ff767b9fd558e8f7bb342b3dd95838b0eac",
    "/assets/styles/_padding.scss": "0f8bbbfcf86bf0dffdfe1dc7acfbea544fbc904f",
    "/assets/styles/_position.scss": "7ee14aef625441d776a7058280a1e79b714f1a4a",
    "/assets/styles/_status.scss": "4bbe731c14b7b76a2a745f8feeab61a93aaf04a3",
    "/assets/styles/_text.scss": "20eb0f1b9b07dec0ccf78b70569cec7d7e023334",
    "/assets/styles/_width-height.scss": "5eb56ee57f972d7d79aea744a259cf27cb0a1920",
    "/assets/styles/_z-index.scss": "9a37d216cb5d806887da931429725a28b3d731b8",
    "/common.837e59b1fae55632494a.js": "a050732a86c7f6a22a00e7d36a730095d2b47710",
    "/favicon.ico": "31d1d887b9dec1f49614f289d6855f5ffa7c0902",
    "/index.html": "2e6ceac985fa1d125dded96ae50f5908b080e7d4",
    "/main.2e8f91e2654fe157fb79.js": "d58910c846d0d151d02317c0f3989f4987e89e99",
    "/polyfills-es5.4bca95a408dcc4fbecec.js": "34d3bb02851d834ef1b39c6a4e888f868116c3bf",
    "/polyfills.b4439fc96c8e1fdad5f5.js": "3ac51116a418c3e4f1b94df8fa7e9f5903c7fcc1",
    "/runtime.0f6fc59e7034ddb71af8.js": "db446a650f3b9959c14f9b23ac2bd7faf96f99ca",
    "/styles.1ddcdb17d700f663238d.css": "9d158659779ce6eb59f0c3aed84cf114fb7968ee"
  },
  "navigationUrls": [
    {
      "positive": true,
      "regex": "^\\/.*$"
    },
    {
      "positive": false,
      "regex": "^\\/(?:.+\\/)?[^/]*\\.[^/]*$"
    },
    {
      "positive": false,
      "regex": "^\\/(?:.+\\/)?[^/]*__[^/]*$"
    },
    {
      "positive": false,
      "regex": "^\\/(?:.+\\/)?[^/]*__[^/]*\\/.*$"
    }
  ]
}